/*
SQLyog Community v13.1.7 (64 bit)
MySQL - 8.0.23 : Database - bookstoredb
*********************************************************************
*/

/*!40101 SET NAMES utf8 */;

/*!40101 SET SQL_MODE=''*/;

/*!40014 SET @OLD_UNIQUE_CHECKS=@@UNIQUE_CHECKS, UNIQUE_CHECKS=0 */;
/*!40014 SET @OLD_FOREIGN_KEY_CHECKS=@@FOREIGN_KEY_CHECKS, FOREIGN_KEY_CHECKS=0 */;
/*!40101 SET @OLD_SQL_MODE=@@SQL_MODE, SQL_MODE='NO_AUTO_VALUE_ON_ZERO' */;
/*!40111 SET @OLD_SQL_NOTES=@@SQL_NOTES, SQL_NOTES=0 */;
CREATE DATABASE /*!32312 IF NOT EXISTS*/`bookstoredb` /*!40100 DEFAULT CHARACTER SET utf8mb4 COLLATE utf8mb4_0900_ai_ci */ /*!80016 DEFAULT ENCRYPTION='N' */;

USE `bookstoredb`;

/*Table structure for table `author` */

DROP TABLE IF EXISTS `author`;

CREATE TABLE `author` (
  `id` int NOT NULL AUTO_INCREMENT,
  `name` varchar(255) DEFAULT NULL,
  `surname` varchar(255) DEFAULT NULL,
  `country` varchar(255) CHARACTER SET utf8mb4 COLLATE utf8mb4_0900_ai_ci DEFAULT NULL,
  `date_of_birth` varchar(255) DEFAULT NULL,
  `date_of_died` varchar(255) DEFAULT NULL,
  PRIMARY KEY (`id`)
) ENGINE=InnoDB AUTO_INCREMENT=516 DEFAULT CHARSET=utf8mb4 COLLATE=utf8mb4_0900_ai_ci;

/*Data for the table `author` */

insert  into `author`(`id`,`name`,`surname`,`country`,`date_of_birth`,`date_of_died`) values 
(216,'Damon','Gray','Poland','04/01/1875','03/05/1912'),
(217,'Brennan','Aguirre','Kenya','05/15/1896','07/29/1888'),
(218,'Neville','Wilder','Congo (Brazzaville)','03/26/1874','08/22/1873'),
(219,'Xenos','Ross','Hungary','07/12/1829','05/12/1933'),
(220,'Hedley','Frost','Georgia','12/20/1838','06/01/1872'),
(221,'Gary','Marsh','Solomon Islands','04/24/1823','11/09/1871'),
(222,'Chandler','Underwood','Saint Vincent and The Grenadines','01/18/1875','09/04/1913'),
(223,'Jarrod','Harvey','Cuba','06/19/1887','09/02/1931'),
(224,'Armand','Holman','Côte D\'Ivoire (Ivory Coast)','05/07/1905','09/12/1903'),
(225,'Xanthus','Campos','Barbados','03/27/1852','07/12/1901'),
(226,'Kasimir','Hurley','Yemen','07/24/1839','03/08/1920'),
(227,'Keefe','Christian','Kazakhstan','12/30/1905','09/20/1890'),
(228,'George','Brady','Cyprus','01/01/1823','03/29/1903'),
(229,'Tate','Warren','Panama','02/02/1894','10/22/1929'),
(230,'Alan','Lane','India','07/01/1853','02/10/1894'),
(231,'Tate','Clarke','Guinea-Bissau','02/06/1878','10/09/1886'),
(232,'Hu','Fernandez','Western Sahara','02/01/1888','06/07/1911'),
(233,'Vance','Roberts','Gibraltar','12/17/1877','03/05/1881'),
(234,'Merritt','Payne','Heard Island and Mcdonald Islands','03/03/1904','08/18/1886'),
(235,'Neville','Navarro','China','05/03/1842','01/11/1901'),
(236,'Avram','Bridges','Venezuela','10/18/1896','07/03/1918'),
(237,'Jasper','Haley','Pakistan','09/30/1840','04/25/1877'),
(238,'Cedric','Torres','Saint Martin','06/22/1857','03/24/1896'),
(239,'Lev','Wagner','Reunion','05/02/1858','09/09/1923'),
(240,'Nathaniel','Nieves','Virgin Islands, British','07/01/1845','06/12/1878'),
(241,'Bert','Maynard','Montserrat','09/21/1888','06/04/1895'),
(242,'Nathaniel','Carson','Kyrgyzstan','02/23/1827','04/16/1873'),
(243,'Jacob','Cummings','Mexico','04/20/1849','07/02/1872'),
(244,'Brett','Peterson','Mauritania','12/03/1846','04/01/1926'),
(245,'Keane','Roman','Kyrgyzstan','02/16/1833','01/20/1932'),
(246,'Dean','Ray','Gambia','03/13/1873','08/16/1891'),
(247,'Gage','Mcmahon','Holy See (Vatican City State)','10/06/1837','10/10/1931'),
(248,'Caleb','Riley','Barbados','01/22/1878','09/04/1928'),
(249,'Merrill','Wells','Dominican Republic','12/30/1866','05/28/1905'),
(250,'Caleb','Macias','Saint Pierre and Miquelon','05/19/1837','08/21/1884'),
(251,'Wesley','Figueroa','Niue','08/14/1899','12/08/1900'),
(252,'Gil','Murray','Czech Republic','05/21/1896','10/22/1900'),
(253,'Cyrus','Richardson','Oman','02/26/1831','04/18/1932'),
(254,'Benedict','Tanner','Poland','05/24/1878','12/06/1916'),
(255,'Wyatt','Sargent','Moldova','12/09/1829','10/15/1928'),
(256,'Neville','Harrison','French Guiana','11/30/1849','02/28/1923'),
(257,'Tate','Boyd','Zimbabwe','04/18/1823','07/21/1897'),
(258,'Graham','Sweeney','Saint Barthélemy','05/06/1871','11/29/1899'),
(259,'Orson','Holman','Morocco','03/03/1866','08/30/1889'),
(260,'Fletcher','Hartman','Puerto Rico','11/25/1842','03/31/1873'),
(261,'Holmes','Osborn','Monaco','11/27/1832','05/04/1891'),
(262,'Davis','Koch','Peru','02/12/1834','11/30/1886'),
(263,'Hasad','Bernard','Ukraine','08/15/1866','08/22/1885'),
(264,'Neil','Bolton','Cocos (Keeling) Islands','10/07/1831','11/16/1906'),
(265,'Gareth','Long','Bahamas','06/15/1835','03/15/1915'),
(266,'Sawyer','Kaufman','Finland','02/27/1862','06/18/1888'),
(267,'Martin','Conley','Macedonia','12/14/1838','06/23/1879'),
(268,'Joseph','Sweeney','Puerto Rico','04/05/1863','04/17/1888'),
(269,'Hoyt','Guzman','Burkina Faso','02/19/1893','08/15/1919'),
(270,'Raphael','Miller','Cape Verde','04/14/1882','09/17/1882'),
(271,'Owen','Gibbs','Djibouti','06/25/1895','08/06/1928'),
(272,'Chester','Arnold','Gambia','04/29/1895','04/08/1930'),
(273,'Philip','Snyder','Saint Barthélemy','10/11/1849','11/29/1882'),
(274,'Jelani','Roth','Libya','01/07/1843','10/07/1908'),
(275,'Jonah','Murphy','Greenland','12/19/1865','02/27/1878'),
(276,'Keaton','Baxter','United States','05/04/1831','12/02/1901'),
(277,'Tiger','Adkins','Pakistan','12/19/1841','04/05/1933'),
(278,'Xenos','Nolan','Chad','05/19/1893','12/16/1892'),
(279,'Salvador','Sanders','Cyprus','09/12/1853','06/22/1931'),
(280,'Otto','Odonnell','Cocos (Keeling) Islands','03/10/1823','01/01/1890'),
(281,'Dane','Carroll','Moldova','08/03/1828','01/29/1913'),
(282,'Cody','Daniel','Taiwan','05/02/1886','06/16/1916'),
(283,'Brody','Moss','Senegal','01/04/1846','01/13/1873'),
(284,'Troy','Tanner','Maldives','11/03/1862','01/23/1918'),
(285,'Alden','Howell','Djibouti','11/16/1840','04/26/1920'),
(286,'Rajah','Key','Philippines','11/15/1860','02/17/1907'),
(287,'Brendan','Stevenson','Oman','06/07/1838','06/30/1926'),
(288,'Tucker','Patton','Svalbard and Jan Mayen Islands','03/24/1887','09/04/1920'),
(289,'Abdul','Anthony','Ukraine','08/18/1882','06/22/1913'),
(290,'Stephen','Travis','Bouvet Island','01/12/1886','11/01/1934'),
(291,'Kieran','Mack','Costa Rica','07/15/1826','03/07/1932'),
(292,'Blaze','Kerr','Saudi Arabia','03/23/1889','02/26/1919'),
(293,'Alexander','Benjamin','Falkland Islands','08/20/1898','11/04/1915'),
(294,'Porter','Mckinney','Luxembourg','12/09/1840','07/21/1910'),
(295,'Colin','Black','El Salvador','11/07/1843','09/10/1930'),
(296,'Yuli','Jackson','Bulgaria','05/18/1851','12/07/1919'),
(297,'Ezekiel','Cardenas','Guatemala','06/20/1839','03/30/1884'),
(298,'Drake','Harding','Congo (Brazzaville)','06/20/1838','12/16/1908'),
(299,'Wayne','Parrish','Kenya','04/30/1898','12/05/1904'),
(300,'Ahmed','Dixon','Gibraltar','04/16/1895','04/10/1915'),
(301,'Arsenio','Fleming','Heard Island and Mcdonald Islands','07/21/1824','04/23/1911'),
(302,'Salvador','Gross','Equatorial Guinea','02/09/1888','07/15/1888'),
(303,'Sylvester','Paul','Bulgaria','10/01/1892','03/18/1931'),
(304,'Philip','Charles','Suriname','01/09/1894','03/23/1871'),
(305,'Richard','Davenport','Dominican Republic','05/27/1865','02/27/1915'),
(306,'Norman','Barlow','Russian Federation','12/04/1860','04/15/1908'),
(307,'Zephania','Rosales','Switzerland','06/25/1846','12/23/1884'),
(308,'Brandon','Hart','Botswana','10/08/1833','03/25/1919'),
(309,'Jonas','Skinner','Angola','01/14/1876','05/19/1887'),
(310,'Kadeem','Santos','Anguilla','08/29/1871','05/10/1895'),
(311,'Jerry','Buck','Fiji','03/23/1824','09/16/1908'),
(312,'Peter','Pearson','Central African Republic','01/17/1896','04/23/1894'),
(313,'Todd','Tyson','Bahrain','10/01/1890','08/01/1892'),
(314,'Damon','Crosby','Bosnia and Herzegovina','12/26/1850','03/28/1891'),
(315,'Oleg','May','Antarctica','09/05/1873','07/26/1921'),
(316,'Kasimir','Navarro','Suriname','10/03/1834','08/21/1975'),
(317,'Quamar','Miller','Virgin Islands, United States','11/13/1834','08/03/1975'),
(318,'Andrew','Gaines','Palestine, State of','04/02/1898','04/28/1975'),
(319,'Upton','Thornton','Palau','08/30/1916','12/01/1975'),
(320,'Brennan','Watson','Guinea','08/04/1894','05/04/1975'),
(321,'Dane','Rosa','Saint Helena, Ascension and Tristan da Cunha','09/20/1866','08/20/1976'),
(322,'Dalton','Fisher','Norway','05/29/1875','07/31/1975'),
(323,'Ray','Pratt','Myanmar','02/25/1892','11/16/1976'),
(324,'Hiram','Stanton','South Africa','02/17/1887','07/01/1975'),
(325,'Preston','Lester','Bolivia','07/16/1921','07/22/1975'),
(326,'August','Osborne','Saint Kitts and Nevis','02/13/1840','11/29/1975'),
(327,'Kareem','Hudson','United Kingdom (Great Britain)','04/02/1852','11/23/1976'),
(328,'Zachary','Santiago','Botswana','12/07/1835','03/09/1977'),
(329,'Ciaran','Pearson','French Southern Territories','03/20/1860','12/23/1976'),
(330,'Wang','Hansen','China','08/31/1857','05/02/1976'),
(331,'Timon','Gibson','Monaco','12/29/1857','09/14/1975'),
(332,'Harper','Griffith','Kenya','07/07/1909','02/25/1977'),
(333,'Ivor','Scott','Austria','08/23/1892','07/04/1975'),
(334,'Gabriel','Russell','Indonesia','07/30/1899','04/17/1976'),
(335,'Ray','Gamble','Hong Kong','11/02/1923','07/08/1975'),
(336,'Keegan','Shepard','India','09/01/1874','08/23/1975'),
(337,'Dean','Thompson','Cuba','09/11/1851','09/11/1976'),
(338,'Leonard','Herman','South Georgia and The South Sandwich Islands','06/19/1865','01/06/1977'),
(339,'August','Leblanc','Iran','04/23/1858','11/11/1976'),
(340,'Marsden','Kramer','Italy','02/12/1880','08/16/1976'),
(341,'Steven','Franco','Guatemala','04/02/1883','11/12/1975'),
(342,'Theodore','Christian','Pakistan','06/08/1855','07/30/1976'),
(343,'Malachi','Shelton','French Southern Territories','06/06/1859','07/02/1975'),
(344,'Samson','Wolfe','Bolivia','03/16/1907','09/16/1976'),
(345,'Kenyon','Richmond','Anguilla','12/09/1901','06/22/1975'),
(346,'Jesse','Dean','Singapore','01/12/1854','04/29/1975'),
(347,'Carson','Wheeler','Micronesia','12/15/1854','01/20/1976'),
(348,'Nissim','Webster','Laos','06/06/1917','10/04/1976'),
(349,'Ferris','Melton','Lithuania','05/16/1857','11/20/1975'),
(350,'Louis','Underwood','Libya','11/15/1854','09/11/1976'),
(351,'Garrett','Leach','French Polynesia','01/22/1849','06/10/1976'),
(352,'Chaim','Terrell','Seychelles','01/08/1897','01/17/1976'),
(353,'Chandler','Martinez','Iraq','03/24/1906','07/08/1976'),
(354,'Bert','Webb','Togo','01/19/1865','08/03/1976'),
(355,'Abraham','Randall','Angola','09/13/1863','05/01/1976'),
(356,'Sawyer','Pope','Syria','08/11/1864','12/12/1976'),
(357,'Nolan','Castillo','Kazakhstan','02/06/1890','02/11/1977'),
(358,'Justin','Whitfield','Haiti','12/10/1866','12/07/1975'),
(359,'Hashim','Kane','Nicaragua','04/09/1840','07/14/1976'),
(360,'Elvis','Barrera','Bosnia and Herzegovina','01/09/1873','01/19/1976'),
(361,'Jonah','Conrad','Virgin Islands, British','05/08/1923','02/25/1976'),
(362,'Brian','Watts','Bouvet Island','02/28/1842','01/11/1976'),
(363,'Cain','Pacheco','Thailand','04/23/1883','12/24/1976'),
(364,'Wing','Soto','Guinea','07/23/1849','12/09/1975'),
(365,'Kuame','Sanchez','Norfolk Island','05/08/1898','12/25/1976'),
(366,'Jeremy','Mathis','South Sudan','11/21/1909','03/19/1976'),
(367,'Samson','Stanton','Afghanistan','08/27/1869','03/30/1976'),
(368,'Cedric','Duran','Gabon','09/19/1889','07/02/1975'),
(369,'Ferris','Tyler','Slovenia','04/16/1899','01/10/1976'),
(370,'Erasmus','Erickson','South Africa','12/10/1855','01/26/1977'),
(371,'Tarik','Young','Liechtenstein','06/20/1838','09/27/1975'),
(372,'Orson','Shelton','Italy','02/29/1856','05/24/1975'),
(373,'Hoyt','Weiss','Reunion','11/22/1871','09/21/1975'),
(374,'Joel','Brown','Andorra','03/25/1891','12/22/1975'),
(375,'Graham','Phelps','Turks and Caicos Islands','12/10/1857','06/07/1976'),
(376,'Joseph','Chen','Somalia','01/02/1859','02/07/1977'),
(377,'Cyrus','Bush','Curaçao','05/23/1897','08/03/1975'),
(378,'Nolan','Gray','Mexico','07/18/1837','10/05/1975'),
(379,'Dominic','Roberson','Gibraltar','03/28/1869','01/17/1976'),
(380,'Ciaran','Espinoza','Afghanistan','04/20/1896','08/01/1976'),
(381,'Gareth','Schroeder','Yemen','09/11/1862','05/14/1975'),
(382,'Lewis','Mclaughlin','Samoa','05/03/1854','08/27/1976'),
(383,'Coby','Jackson','Panama','08/17/1835','10/31/1976'),
(384,'Mark','Tucker','Serbia','06/15/1886','05/01/1975'),
(385,'Harper','Allen','Liberia','09/17/1860','03/11/1976'),
(386,'Ryan','Buckley','Sudan','04/02/1917','10/01/1976'),
(387,'Vernon','Williamson','United States','01/04/1838','07/09/1975'),
(388,'Herrod','Fischer','Zimbabwe','09/14/1853','08/14/1976'),
(389,'Benjamin','Doyle','Micronesia','07/02/1924','01/25/1976'),
(390,'Geoffrey','Morgan','Botswana','04/11/1918','12/06/1976'),
(391,'Raja','Grimes','Niger','12/09/1847','08/18/1976'),
(392,'Kato','Ewing','Sierra Leone','02/05/1844','04/01/1975'),
(393,'Hu','Greer','Kyrgyzstan','05/28/1882','01/05/1976'),
(394,'Valentine','Mccray','Haiti','07/20/1911','01/04/1977'),
(395,'Travis','Wooten','Lebanon','09/17/1863','12/10/1975'),
(396,'Addison','Osborn','Liberia','07/28/1907','04/19/1976'),
(397,'Maxwell','Medina','Romania','10/13/1920','11/29/1975'),
(398,'Joshua','Oliver','Pakistan','11/20/1878','08/31/1975'),
(399,'Denton','Anderson','Italy','01/27/1923','07/13/1975'),
(400,'Lucius','Frazier','Uganda','08/23/1912','05/18/1975'),
(401,'Orson','Richard','Afghanistan','11/29/1905','06/07/1976'),
(402,'Cadman','Stevenson','Mexico','10/20/1866','09/21/1975'),
(403,'Zeus','Lee','Norway','10/23/1843','06/22/1975'),
(404,'Lucas','Marquez','Bouvet Island','12/06/1925','05/23/1976'),
(405,'Clinton','Phillips','Estonia','04/13/1901','10/21/1975'),
(406,'Porter','Tyson','Kenya','06/29/1853','06/25/1975'),
(407,'Kareem','Joyce','Madagascar','03/14/1898','11/23/1976'),
(408,'Lev','Oneal','Palau','11/15/1906','03/25/1975'),
(409,'Carl','Montoya','Saint Helena, Ascension and Tristan da Cunha','09/05/1850','03/05/1977'),
(410,'Steven','Mueller','Nigeria','04/09/1902','04/29/1976'),
(411,'Orlando','Frye','Bouvet Island','12/04/1912','08/06/1975'),
(412,'Hayden','Wells','Christmas Island','05/05/1892','01/28/1977'),
(413,'Thaddeus','Keith','Senegal','12/29/1868','12/20/1975'),
(414,'Carl','Lang','Ireland','03/20/1863','02/24/1976'),
(415,'Connor','Ellison','Mauritania','07/07/1898','01/14/1977'),
(416,'Colt','Carpenter','Armenia','11/23/1834','01/27/1977'),
(417,'Lucas','Lucas','French Guiana','03/03/1851','06/17/1976'),
(418,'Conan','Doyle','Haiti','07/23/1859','06/28/1975'),
(419,'Dennis','Garcia','Bangladesh','03/27/1861','06/11/1975'),
(420,'Caleb','Justice','Bhutan','09/11/1919','04/21/1976'),
(421,'Amos','Kim','Hungary','02/08/1850','06/29/1976'),
(422,'Cadman','Potter','Palau','11/01/1902','04/06/1975'),
(423,'Norman','Rivas','Seychelles','05/03/1888','02/27/1976'),
(424,'Jesse','Rosales','Turks and Caicos Islands','02/20/1869','12/24/1976'),
(425,'Gabriel','Mejia','Jordan','05/31/1869','08/26/1975'),
(426,'Conan','Mercer','France','07/09/1868','03/19/1976'),
(427,'Clayton','Guy','Nauru','07/06/1918','04/02/1976'),
(428,'Kibo','Booker','Saint Pierre and Miquelon','02/23/1921','05/01/1975'),
(429,'Cairo','Warner','Nauru','08/28/1919','12/04/1976'),
(430,'Marvin','Galloway','Mauritania','12/16/1859','05/03/1976'),
(431,'Asher','Malone','South Africa','05/11/1854','06/02/1976'),
(432,'Hiram','Clemons','Albania','12/17/1844','12/05/1975'),
(433,'Amery','Cummings','Taiwan','07/12/1911','03/17/1976'),
(434,'Levi','Slater','Lithuania','06/09/1877','03/04/1977'),
(435,'David','Hines','Guam','09/17/1923','11/26/1976'),
(436,'Demetrius','Rosales','Albania','12/01/1873','05/07/1975'),
(437,'Daniel','Perez','Heard Island and Mcdonald Islands','11/14/1908','06/27/1975'),
(438,'Ralph','Floyd','Denmark','10/08/1925','05/19/1975'),
(439,'Berk','Weeks','Morocco','07/10/1890','11/30/1975'),
(440,'Thor','Park','Guinea','04/02/1871','03/26/1975'),
(441,'Talon','Wynn','Turks and Caicos Islands','12/31/1905','01/09/1977'),
(442,'Xenos','Wolf','Faroe Islands','12/05/1872','05/27/1976'),
(443,'Ashton','Pratt','Cuba','03/27/1851','04/04/1975'),
(444,'Ross','Conway','Malta','07/15/1885','01/28/1976'),
(445,'Griffith','Lamb','Seychelles','08/26/1858','03/05/1977'),
(446,'Bradley','Hebert','Papua New Guinea','06/26/1846','07/02/1975'),
(447,'Jerry','Mcbride','Argentina','08/27/1908','11/07/1976'),
(448,'Richard','Richardson','Wallis and Futuna','04/10/1869','08/20/1976'),
(449,'Merritt','Santana','French Polynesia','04/08/1881','01/30/1977'),
(450,'Lance','Serrano','Saint Barthélemy','10/05/1899','11/29/1975'),
(451,'Tarik','Woods','Botswana','08/02/1880','02/06/1977'),
(452,'Jarrod','Lucas','Vanuatu','03/27/1911','04/19/1976'),
(453,'Calvin','Reynolds','Peru','04/05/1839','05/05/1976'),
(454,'Raphael','Maxwell','Russian Federation','04/24/1835','09/01/1975'),
(455,'Herman','Jacobs','Micronesia','10/07/1904','01/03/1977'),
(456,'Leo','Bond','Guyana','11/27/1842','03/06/1977'),
(457,'Cole','Mccarty','Guinea-Bissau','03/16/1879','11/11/1976'),
(458,'Paul','Andrews','French Southern Territories','10/22/1840','05/29/1976'),
(459,'Aquila','Neal','Morocco','03/13/1875','01/28/1976'),
(460,'Dustin','Allen','Turkey','09/04/1885','08/14/1975'),
(461,'Arsenio','Campbell','Kiribati','03/25/1915','11/24/1976'),
(462,'Noble','Harris','Montenegro','11/27/1890','01/11/1977'),
(463,'Dylan','Bryan','Yemen','11/08/1839','04/23/1976'),
(464,'Mannix','Hutchinson','Palau','02/15/1841','03/14/1975'),
(465,'Lamar','Parrish','Jordan','01/05/1917','05/28/1975'),
(466,'Maxwell','Cleveland','Bahrain','11/01/1900','01/30/1976'),
(467,'Dustin','Hodges','Israel','10/07/1906','10/29/1975'),
(468,'Uriel','Landry','Tonga','05/08/1882','02/01/1976'),
(469,'Brian','Mendoza','Albania','11/25/1865','03/31/1976'),
(470,'Asher','Cunningham','Greenland','11/28/1923','06/14/1975'),
(471,'Michael','Alvarado','Samoa','09/11/1893','11/10/1976'),
(472,'Elvis','Moran','Somalia','11/11/1894','08/31/1976'),
(473,'Justin','Figueroa','Lesotho','05/02/1910','06/24/1976'),
(474,'Bevis','Walsh','Laos','09/27/1917','11/14/1975'),
(475,'Alan','Taylor','Timor-Leste','06/28/1834','01/20/1976'),
(476,'Carter','Castaneda','Greenland','04/28/1870','01/12/1976'),
(477,'Tucker','Erickson','South Africa','02/14/1913','09/18/1975'),
(478,'Hamilton','Benton','Ethiopia','10/06/1915','10/08/1976'),
(479,'Raymond','Albert','Rwanda','09/25/1843','06/27/1975'),
(480,'Bert','Parker','Canada','10/10/1836','02/21/1976'),
(481,'Harper','Wise','Israel','08/30/1901','08/29/1975'),
(482,'Nicholas','Hahn','Belarus','04/01/1911','06/05/1975'),
(483,'Cade','Ortiz','Guinea-Bissau','12/15/1918','12/26/1976'),
(484,'Vance','Howard','Belgium','04/08/1907','10/04/1976'),
(485,'Kaseem','England','Bouvet Island','07/02/1909','02/02/1976'),
(486,'Lyle','Cameron','Algeria','11/03/1847','02/21/1976'),
(487,'Demetrius','Dickson','Barbados','07/24/1860','02/27/1976'),
(488,'Armand','Carlson','Bulgaria','02/23/1852','11/02/1975'),
(489,'Plato','Richard','Somalia','10/02/1895','04/02/1975'),
(490,'Chester','Reyes','Mali','12/27/1860','05/23/1975'),
(491,'Magee','Horn','Estonia','12/12/1852','07/15/1975'),
(492,'Eagan','Montgomery','Dominica','02/16/1924','11/16/1976'),
(493,'Yoshio','Yang','Malta','06/04/1918','07/03/1976'),
(494,'Tucker','Melton','Iceland','01/13/1918','11/04/1975'),
(495,'Fritz','Brooks','Finland','07/12/1897','03/24/1976'),
(496,'Chancellor','Underwood','Puerto Rico','06/24/1920','11/26/1975'),
(497,'Nathan','Simmons','Ghana','10/03/1899','05/06/1975'),
(498,'Addison','Mercer','Nauru','04/15/1855','09/20/1976'),
(499,'Ali','Yang','Latvia','08/01/1853','03/15/1975'),
(500,'Callum','Bridges','Liberia','02/07/1909','07/27/1976'),
(501,'Keane','Cote','Hungary','06/10/1848','09/20/1975'),
(502,'Jacob','Nunez','Ethiopia','04/18/1844','06/08/1975'),
(503,'Nash','Buck','Cayman Islands','03/08/1846','06/13/1975'),
(504,'Harlan','Conner','Burundi','04/15/1913','10/29/1975'),
(505,'Merrill','Atkinson','Cook Islands','10/08/1922','06/07/1975'),
(506,'Merritt','Carter','Mozambique','08/01/1874','05/18/1976'),
(507,'Blaze','Brock','Macao','04/16/1891','03/06/1976'),
(508,'Evan','Cash','Bonaire, Sint Eustatius and Saba','09/21/1875','10/07/1976'),
(509,'Lucius','Edwards','Georgia','10/21/1879','05/01/1975'),
(510,'Richard','Moore','Iceland','11/29/1848','09/04/1976'),
(511,'Grant','Bishop','Kiribati','09/05/1858','05/12/1975'),
(512,'Sebastian','Bean','Albania','09/07/1911','10/30/1975'),
(513,'Jerome','Walton','Norway','12/16/1863','08/31/1976'),
(514,'Dane','Burgess','Heard Island and Mcdonald Islands','02/04/1883','05/04/1976'),
(515,'Marshall','Mckay','Uzbekistan','04/16/1925','05/17/1976');

/*Table structure for table `book` */

DROP TABLE IF EXISTS `book`;

CREATE TABLE `book` (
  `id` int NOT NULL AUTO_INCREMENT,
  `title` varchar(255) DEFAULT NULL,
  `description` text,
  `price` double DEFAULT NULL,
  `count` int DEFAULT NULL,
  `year` varchar(255) DEFAULT NULL,
  PRIMARY KEY (`id`)
) ENGINE=InnoDB AUTO_INCREMENT=314 DEFAULT CHARSET=utf8mb4 COLLATE=utf8mb4_0900_ai_ci;

/*Data for the table `book` */

insert  into `book`(`id`,`title`,`description`,`price`,`count`,`year`) values 
(14,'semper','mi pede, nonummy ut, molestie in, tempus eu, ligula. Aenean euismod mauris eu elit. Nulla facilisi. Sed neque. Sed eget',127,5,'1723'),
(15,'consectetuer','tristique pharetra. Quisque ac libero nec ligula consectetuer rhoncus. Nullam velit dui, semper et, lacinia vitae, sodales at, velit.',126,7,'1965'),
(16,'ullamcorper.','fermentum metus. Aenean sed pede nec ante blandit viverra. Donec tempus, lorem fringilla ornare placerat, orci lacus vestibulum lorem,',60,3,'1960'),
(17,'consectetuer','lacus. Quisque imperdiet, erat nonummy ultricies ornare, elit elit fermentum risus, at fringilla purus mauris a nunc. In at pede.',32,10,'1876'),
(18,'tempus','pellentesque, tellus sem mollis dui, in sodales elit erat vitae risus. Duis a mi fringilla mi',126,3,'1969'),
(19,'tellus,','Phasellus fermentum convallis ligula. Donec luctus aliquet odio. Etiam ligula tortor, dictum',24,9,'1995'),
(20,'neque','a, scelerisque sed, sapien. Nunc pulvinar arcu et pede. Nunc sed',35,6,'1806'),
(21,'adipiscing','pede ac urna. Ut tincidunt vehicula risus.',58,2,'1927'),
(22,'lacinia','et arcu imperdiet ullamcorper. Duis at',25,8,'1765'),
(23,'ante','Sed auctor odio a purus. Duis elementum, dui quis accumsan',145,3,'1818'),
(24,'vitae','condimentum eget, volutpat ornare, facilisis eget, ipsum. Donec sollicitudin adipiscing ligula. Aenean gravida nunc sed pede. Cum sociis natoque penatibus et',94,8,'1771'),
(25,'amet','erat eget ipsum. Suspendisse sagittis. Nullam vitae diam. Proin dolor. Nulla semper tellus',88,7,'1910'),
(26,'ac','morbi tristique senectus et netus et malesuada fames ac turpis egestas. Fusce aliquet magna a neque. Nullam ut nisi a odio semper cursus. Integer mollis. Integer tincidunt aliquam',124,2,'1872'),
(27,'magna.','gravida. Aliquam tincidunt, nunc ac mattis ornare, lectus ante dictum mi, ac',26,9,'1770'),
(28,'posuere,','augue. Sed molestie. Sed id risus quis diam luctus lobortis. Class aptent taciti sociosqu ad litora torquent per conubia nostra,',51,3,'1773'),
(29,'dui','Duis sit amet diam eu dolor egestas rhoncus.',144,3,'1883'),
(30,'Nunc','augue scelerisque mollis. Phasellus libero mauris, aliquam eu, accumsan sed, facilisis vitae, orci. Phasellus dapibus quam quis diam. Pellentesque habitant morbi tristique senectus et netus et',111,3,'1755'),
(31,'vitae','vulputate eu, odio. Phasellus at',89,7,'1889'),
(32,'a','ipsum sodales purus, in molestie tortor nibh sit amet',61,9,'1994'),
(33,'sed','blandit congue. In scelerisque scelerisque dui. Suspendisse ac metus vitae velit egestas lacinia.',133,4,'1989'),
(34,'Vivamus','diam nunc, ullamcorper eu, euismod ac,',123,6,'1719'),
(35,'Integer','nisi. Cum sociis natoque penatibus et magnis dis parturient montes, nascetur ridiculus mus. Proin vel nisl. Quisque',36,7,'1726'),
(36,'fermentum','Integer eu lacus. Quisque imperdiet, erat nonummy ultricies ornare, elit elit fermentum risus, at fringilla purus mauris a nunc. In at pede. Cras vulputate velit eu sem. Pellentesque ut ipsum',43,3,'1896'),
(37,'nec','aliquet. Phasellus fermentum convallis ligula. Donec luctus aliquet odio. Etiam ligula tortor, dictum eu, placerat eget, venenatis a,',93,3,'1725'),
(38,'Proin','magna tellus faucibus leo, in lobortis tellus justo sit amet nulla.',81,1,'1764'),
(39,'Donec','mauris blandit mattis. Cras eget nisi dictum augue malesuada malesuada. Integer id magna et ipsum cursus vestibulum.',67,1,'1844'),
(40,'rhoncus','Sed nec metus facilisis lorem tristique aliquet. Phasellus fermentum convallis ligula. Donec luctus aliquet odio. Etiam',127,9,'1881'),
(41,'tellus.','semper rutrum. Fusce dolor quam, elementum at, egestas a, scelerisque sed, sapien. Nunc pulvinar',27,8,'1843'),
(42,'convallis','nunc. Quisque ornare tortor at risus. Nunc ac sem ut dolor dapibus gravida. Aliquam tincidunt, nunc ac mattis ornare, lectus ante dictum mi, ac mattis velit',104,1,'1882'),
(43,'lobortis','mauris, rhoncus id, mollis nec, cursus a, enim. Suspendisse aliquet, sem ut cursus luctus, ipsum leo elementum sem,',68,4,'1808'),
(44,'arcu.','ligula. Aliquam erat volutpat. Nulla dignissim. Maecenas ornare egestas ligula. Nullam feugiat placerat velit. Quisque varius. Nam porttitor scelerisque neque. Nullam nisl.',84,9,'1910'),
(45,'eu','tristique aliquet. Phasellus fermentum convallis ligula. Donec luctus aliquet odio. Etiam ligula tortor, dictum eu, placerat eget, venenatis a, magna. Lorem ipsum dolor sit amet,',48,7,'1887'),
(46,'mauris','sapien imperdiet ornare. In faucibus. Morbi vehicula. Pellentesque tincidunt tempus',36,4,'1991'),
(47,'condimentum','urna et arcu imperdiet ullamcorper. Duis at lacus. Quisque purus sapien, gravida non, sollicitudin a, malesuada id,',70,9,'1767'),
(48,'nisi.','euismod ac, fermentum vel, mauris. Integer sem elit, pharetra ut, pharetra sed, hendrerit a, arcu. Sed et libero. Proin mi. Aliquam gravida mauris ut mi. Duis risus odio,',123,9,'1770'),
(49,'convallis','vulputate mauris sagittis placerat. Cras dictum ultricies ligula. Nullam enim. Sed nulla ante, iaculis nec,',52,5,'1736'),
(50,'pharetra.','lectus justo eu arcu. Morbi sit amet massa. Quisque',74,4,'1789'),
(51,'mollis','gravida. Praesent eu nulla at sem molestie sodales. Mauris blandit enim consequat purus. Maecenas libero est, congue a, aliquet vel, vulputate eu, odio. Phasellus at',74,7,'1777'),
(52,'Sed','orci lacus vestibulum lorem, sit amet ultricies sem magna nec quam. Curabitur vel lectus. Cum sociis natoque penatibus et magnis dis',44,6,'1876'),
(53,'pretium','eu, eleifend nec, malesuada ut, sem.',95,5,'1944'),
(54,'sed','justo. Proin non massa non ante bibendum ullamcorper. Duis cursus,',97,1,'1754'),
(55,'aliquam','turpis. In condimentum. Donec at arcu. Vestibulum ante ipsum primis in faucibus orci luctus et ultrices posuere',130,1,'1926'),
(56,'Proin','magna. Duis dignissim tempor arcu. Vestibulum ut',131,6,'1911'),
(57,'non','Phasellus fermentum convallis ligula. Donec luctus aliquet odio. Etiam ligula tortor, dictum eu, placerat eget, venenatis a, magna. Lorem ipsum dolor sit amet, consectetuer adipiscing elit. Etiam laoreet,',30,6,'1831'),
(58,'sem,','Nulla tincidunt, neque vitae semper egestas,',63,10,'1967'),
(59,'mi,','lectus convallis est, vitae sodales nisi magna sed dui. Fusce',120,3,'1766'),
(60,'consectetuer','nec ante blandit viverra. Donec tempus, lorem',147,5,'1904'),
(61,'erat.','Cras sed leo. Cras vehicula aliquet',125,6,'1987'),
(62,'luctus','eleifend nec, malesuada ut, sem. Nulla interdum. Curabitur dictum. Phasellus in felis. Nulla tempor augue ac ipsum. Phasellus vitae mauris sit amet lorem semper auctor. Mauris vel turpis.',24,7,'1860'),
(63,'Lorem','Donec elementum, lorem ut aliquam iaculis, lacus pede sagittis augue, eu tempor erat neque non',72,6,'1716'),
(64,'dui','dictum augue malesuada malesuada. Integer',49,3,'1908'),
(65,'odio','nunc. In at pede. Cras vulputate velit eu sem. Pellentesque ut ipsum ac mi eleifend',138,7,'1794'),
(66,'eleifend','rutrum. Fusce dolor quam, elementum at, egestas a, scelerisque sed, sapien. Nunc pulvinar arcu',106,3,'1952'),
(67,'orci,','ante ipsum primis in faucibus orci luctus et ultrices posuere cubilia Curae; Phasellus ornare. Fusce',81,10,'1848'),
(68,'ut','Phasellus ornare. Fusce mollis. Duis sit amet diam eu dolor egestas rhoncus. Proin nisl',61,4,'1790'),
(69,'vitae,','fringilla purus mauris',21,7,'1934'),
(70,'erat,','a, magna. Lorem ipsum dolor sit amet, consectetuer adipiscing elit. Etiam laoreet,',83,5,'1819'),
(71,'Donec','porttitor scelerisque neque. Nullam nisl. Maecenas malesuada fringilla est. Mauris',74,1,'1770'),
(72,'Suspendisse','natoque penatibus et magnis dis parturient montes, nascetur ridiculus mus. Proin vel arcu eu odio tristique pharetra. Quisque ac libero nec ligula consectetuer rhoncus. Nullam velit dui, semper',26,5,'1848'),
(73,'senectus','risus, at fringilla purus mauris a nunc. In at pede. Cras vulputate velit eu sem. Pellentesque ut ipsum ac mi eleifend egestas. Sed pharetra, felis eget varius ultrices, mauris ipsum',98,4,'1903'),
(74,'morbi','Curabitur massa. Vestibulum accumsan neque et nunc.',26,3,'1708'),
(75,'mi,','vitae erat vel pede blandit congue. In scelerisque scelerisque dui. Suspendisse ac metus vitae velit egestas lacinia. Sed congue, elit sed consequat auctor, nunc nulla vulputate',39,6,'1996'),
(76,'Donec','Phasellus libero mauris, aliquam eu, accumsan sed, facilisis vitae, orci. Phasellus dapibus quam quis diam. Pellentesque habitant morbi tristique senectus et netus et malesuada fames ac turpis egestas. Fusce',38,6,'1826'),
(77,'lectus','Suspendisse non leo. Vivamus nibh dolor, nonummy ac, feugiat non, lobortis quis,',51,2,'1800'),
(78,'varius.','montes, nascetur ridiculus mus. Aenean eget magna. Suspendisse tristique neque venenatis lacus. Etiam',83,2,'1987'),
(79,'turpis.','parturient montes, nascetur ridiculus mus. Aenean eget magna. Suspendisse tristique',58,6,'1981'),
(80,'amet','enim, sit amet ornare lectus justo eu arcu. Morbi sit amet massa. Quisque porttitor eros nec tellus.',38,3,'1823'),
(81,'tincidunt,','malesuada vel,',49,3,'1879'),
(82,'Fusce','volutpat. Nulla dignissim. Maecenas ornare egestas ligula. Nullam feugiat placerat velit. Quisque varius. Nam',45,4,'1815'),
(83,'imperdiet','non, sollicitudin a, malesuada id, erat. Etiam vestibulum massa rutrum magna. Cras convallis convallis dolor. Quisque tincidunt pede ac urna. Ut tincidunt vehicula risus. Nulla eget metus',36,3,'1901'),
(84,'nonummy','amet, dapibus id, blandit at, nisi. Cum sociis natoque penatibus et magnis dis parturient montes, nascetur ridiculus mus. Proin',27,3,'1768'),
(85,'Nunc','sit amet metus. Aliquam erat volutpat. Nulla facilisis. Suspendisse commodo tincidunt nibh. Phasellus nulla. Integer vulputate, risus a ultricies adipiscing, enim mi tempor lorem, eget',148,10,'1943'),
(86,'lorem','fames ac turpis egestas. Fusce aliquet magna a neque. Nullam ut nisi a odio semper cursus. Integer mollis. Integer tincidunt aliquam arcu. Aliquam ultrices iaculis odio.',59,5,'1777'),
(87,'ac,','pretium neque. Morbi quis urna. Nunc quis arcu vel quam dignissim pharetra. Nam ac nulla. In tincidunt congue turpis. In condimentum. Donec at',97,3,'1955'),
(88,'dictum.','aliquam, enim nec tempus scelerisque,',87,3,'1836'),
(89,'habitant','cursus in, hendrerit consectetuer, cursus et, magna. Praesent interdum ligula eu enim. Etiam imperdiet dictum magna. Ut tincidunt orci quis lectus. Nullam suscipit, est ac',96,4,'1749'),
(90,'ornare.','sociis natoque penatibus et magnis dis parturient montes, nascetur ridiculus mus. Proin vel arcu eu odio tristique pharetra. Quisque ac libero',27,7,'1955'),
(91,'orci.','ultricies adipiscing, enim mi tempor lorem, eget mollis lectus pede et risus.',82,1,'1999'),
(92,'eu','non justo. Proin non massa non ante bibendum ullamcorper. Duis cursus, diam',86,7,'1703'),
(93,'orci','Fusce dolor quam, elementum at,',80,10,'1891'),
(94,'natoque','diam vel arcu. Curabitur ut odio vel est tempor',138,10,'1711'),
(95,'pellentesque','semper erat, in consectetuer ipsum nunc',28,10,'1802'),
(96,'mi','ac, fermentum vel, mauris. Integer sem elit, pharetra ut, pharetra sed, hendrerit a, arcu. Sed et libero. Proin mi. Aliquam gravida mauris ut mi. Duis',105,4,'1893'),
(97,'amet','Duis gravida. Praesent eu nulla at sem molestie sodales. Mauris blandit enim consequat purus. Maecenas libero est, congue a, aliquet vel, vulputate',94,8,'1824'),
(98,'sit','facilisis lorem tristique aliquet. Phasellus fermentum convallis ligula. Donec luctus aliquet odio. Etiam ligula tortor, dictum eu, placerat eget, venenatis a, magna. Lorem ipsum dolor sit amet, consectetuer adipiscing elit.',116,6,'1920'),
(99,'sed,','lorem, luctus ut, pellentesque eget, dictum placerat, augue. Sed molestie. Sed id risus quis diam luctus lobortis. Class aptent taciti sociosqu ad litora torquent per conubia nostra, per inceptos',43,4,'1821'),
(100,'enim','ligula. Donec luctus aliquet odio. Etiam ligula tortor, dictum eu, placerat eget, venenatis a, magna. Lorem ipsum dolor sit amet, consectetuer adipiscing elit. Etiam',52,7,'1835'),
(101,'Suspendisse','cubilia Curae; Donec tincidunt. Donec vitae erat vel pede blandit congue. In scelerisque scelerisque',125,5,'1868'),
(102,'eget','sagittis semper. Nam tempor diam dictum sapien. Aenean massa. Integer',74,4,'1753'),
(103,'orci.','lacus. Ut nec urna et arcu imperdiet ullamcorper. Duis at lacus. Quisque purus sapien, gravida non, sollicitudin a, malesuada id,',96,3,'1893'),
(104,'non','ut aliquam iaculis, lacus pede sagittis augue, eu tempor erat neque non quam. Pellentesque habitant morbi tristique senectus et netus et malesuada fames ac turpis egestas. Aliquam',42,2,'1922'),
(105,'aliquet','placerat velit. Quisque varius. Nam porttitor scelerisque neque. Nullam nisl. Maecenas malesuada fringilla est. Mauris eu turpis. Nulla aliquet. Proin velit. Sed malesuada',27,7,'1843'),
(106,'vel,','enim consequat purus. Maecenas libero est, congue a, aliquet vel, vulputate eu, odio. Phasellus at augue id ante dictum cursus. Nunc',47,3,'1817'),
(107,'Aliquam','diam. Sed diam lorem, auctor quis, tristique',135,7,'1786'),
(108,'dis','risus. Duis a mi fringilla mi lacinia mattis. Integer eu lacus. Quisque imperdiet, erat nonummy ultricies ornare, elit elit fermentum risus, at fringilla purus mauris a nunc. In at',119,3,'1754'),
(109,'dapibus','ridiculus mus. Proin vel arcu eu odio tristique pharetra. Quisque',64,1,'1968'),
(110,'vel','fringilla est. Mauris eu turpis. Nulla aliquet. Proin velit.',114,9,'1877'),
(111,'volutpat','feugiat. Lorem ipsum',132,3,'1734'),
(112,'cursus','quis, tristique ac, eleifend vitae, erat. Vivamus nisi. Mauris nulla. Integer urna. Vivamus molestie dapibus ligula. Aliquam erat volutpat. Nulla dignissim. Maecenas ornare egestas ligula. Nullam feugiat placerat',110,5,'1818'),
(113,'eu','cursus, diam at pretium aliquet, metus urna convallis erat, eget tincidunt dui augue eu',96,6,'1727'),
(114,'ornare.','lorem ipsum sodales purus,',111,1,'1723'),
(115,'dictum.','elit sed consequat auctor, nunc nulla vulputate dui, nec tempus mauris erat eget ipsum. Suspendisse sagittis. Nullam vitae diam. Proin dolor. Nulla semper',71,10,'1966'),
(116,'non,','semper auctor. Mauris vel turpis. Aliquam adipiscing lobortis risus. In mi pede, nonummy ut, molestie in, tempus eu, ligula.',119,2,'1972'),
(117,'vel,','egestas blandit. Nam nulla magna, malesuada vel, convallis in, cursus et, eros. Proin ultrices. Duis volutpat nunc sit amet metus. Aliquam erat volutpat.',95,3,'1700'),
(118,'Nullam','Nulla facilisi. Sed neque. Sed eget lacus. Mauris non dui nec urna',145,5,'1942'),
(119,'nunc','Integer mollis. Integer tincidunt aliquam arcu. Aliquam ultrices iaculis odio. Nam interdum enim non nisi. Aenean eget metus. In nec orci. Donec nibh. Quisque nonummy ipsum',68,2,'1819'),
(120,'mi.','mauris ipsum porta elit, a feugiat tellus lorem eu metus. In lorem. Donec elementum, lorem',129,3,'1744'),
(121,'ullamcorper.','faucibus leo, in lobortis tellus justo sit amet nulla. Donec non justo. Proin non massa non ante bibendum ullamcorper. Duis cursus, diam',131,5,'1945'),
(122,'amet,','Curabitur dictum. Phasellus in felis. Nulla tempor augue ac ipsum. Phasellus vitae mauris sit amet lorem semper auctor.',131,9,'1861'),
(123,'mi.','Nullam ut nisi a odio semper cursus. Integer mollis. Integer tincidunt aliquam arcu. Aliquam',147,9,'1990'),
(124,'penatibus','at',133,9,'1861'),
(125,'magnis','odio tristique pharetra. Quisque ac libero nec ligula consectetuer rhoncus. Nullam velit dui, semper et, lacinia',47,8,'1942'),
(126,'sed','mi lacinia mattis. Integer',145,10,'1799'),
(127,'mollis','Duis elementum, dui quis accumsan convallis, ante lectus convallis est, vitae sodales nisi magna sed dui. Fusce aliquam, enim nec tempus scelerisque, lorem',33,7,'1896'),
(128,'netus','id, libero. Donec consectetuer mauris id sapien. Cras dolor dolor, tempus non, lacinia at, iaculis quis, pede. Praesent eu dui. Cum sociis natoque penatibus et magnis dis parturient montes, nascetur',114,5,'1830'),
(129,'cursus','ut eros non enim commodo hendrerit. Donec porttitor tellus non magna. Nam ligula elit, pretium et, rutrum non, hendrerit id, ante. Nunc mauris sapien, cursus in, hendrerit consectetuer,',29,5,'1788'),
(130,'fringilla','velit dui, semper et, lacinia vitae, sodales at, velit.',146,10,'1736'),
(131,'Nam','dapibus rutrum, justo. Praesent luctus. Curabitur egestas nunc sed libero. Proin sed turpis nec mauris',127,3,'1981'),
(132,'aptent','quis, pede. Praesent eu dui. Cum sociis natoque penatibus et magnis dis parturient montes, nascetur ridiculus mus. Aenean eget magna. Suspendisse tristique neque venenatis',63,3,'1750'),
(133,'Donec','nulla. In tincidunt congue turpis. In condimentum. Donec at arcu. Vestibulum ante ipsum primis in faucibus orci luctus et ultrices',123,2,'1798'),
(134,'sed,','ante. Nunc mauris sapien, cursus in, hendrerit consectetuer, cursus et,',105,4,'1900'),
(135,'massa.','tortor at risus. Nunc ac sem ut dolor dapibus gravida. Aliquam tincidunt, nunc ac mattis ornare, lectus ante dictum mi, ac mattis velit justo nec ante. Maecenas mi',21,5,'1889'),
(136,'montes,','in, cursus et, eros. Proin ultrices. Duis volutpat nunc sit amet metus. Aliquam erat volutpat. Nulla facilisis. Suspendisse commodo tincidunt nibh. Phasellus nulla. Integer vulputate, risus a ultricies',87,6,'1845'),
(137,'scelerisque,','euismod est arcu ac',72,10,'1937'),
(138,'orci.','at pede. Cras vulputate velit eu sem. Pellentesque ut ipsum ac mi eleifend egestas. Sed pharetra, felis eget varius ultrices, mauris ipsum porta elit, a',119,10,'1990'),
(139,'felis.','eleifend egestas. Sed pharetra, felis eget varius ultrices, mauris ipsum porta elit, a feugiat tellus lorem eu metus. In lorem. Donec elementum, lorem ut aliquam iaculis, lacus pede sagittis augue,',145,4,'2000'),
(140,'orci,','orci, consectetuer euismod est',68,7,'1831'),
(141,'iaculis','vulputate, lacus. Cras',71,7,'1988'),
(142,'imperdiet,','consectetuer rhoncus. Nullam velit dui, semper et, lacinia vitae, sodales at, velit. Pellentesque',149,10,'1829'),
(143,'ante','montes, nascetur ridiculus mus. Aenean eget magna.',34,6,'1878'),
(144,'fringilla.','sed, facilisis vitae, orci. Phasellus dapibus quam quis diam. Pellentesque habitant morbi tristique senectus et netus et malesuada',145,6,'1951'),
(145,'porttitor','ultricies sem magna nec quam. Curabitur vel lectus. Cum sociis natoque penatibus et magnis dis parturient montes, nascetur ridiculus mus.',150,10,'1804'),
(146,'posuere','feugiat placerat velit. Quisque varius. Nam porttitor scelerisque neque. Nullam nisl. Maecenas malesuada fringilla est. Mauris eu turpis. Nulla aliquet. Proin velit. Sed malesuada augue ut lacus. Nulla tincidunt, neque',112,5,'1726'),
(147,'vestibulum','arcu. Nunc mauris. Morbi non sapien molestie orci tincidunt adipiscing. Mauris molestie pharetra nibh. Aliquam',147,2,'1851'),
(148,'pede.','dolor, nonummy ac, feugiat',64,2,'1872'),
(149,'nisl.','consequat nec, mollis vitae, posuere at, velit. Cras lorem lorem, luctus ut, pellentesque',47,9,'1964'),
(150,'Suspendisse','non nisi. Aenean eget metus. In nec orci. Donec nibh. Quisque nonummy ipsum non arcu. Vivamus sit amet risus. Donec egestas. Aliquam nec enim.',136,6,'1832'),
(151,'Aenean','rutrum lorem ac risus. Morbi metus. Vivamus euismod urna. Nullam lobortis quam a felis ullamcorper viverra. Maecenas iaculis aliquet diam.',118,5,'1851'),
(152,'dolor.','lorem. Donec',119,9,'1734'),
(153,'sem,','dapibus quam quis diam. Pellentesque habitant morbi tristique senectus et netus et malesuada fames',91,10,'1933'),
(154,'Nunc','mollis. Phasellus libero',20,2,'1760'),
(155,'tempus,','facilisi. Sed neque. Sed eget lacus. Mauris non dui nec urna suscipit nonummy. Fusce fermentum fermentum arcu. Vestibulum ante ipsum primis in faucibus orci luctus',114,6,'1766'),
(156,'Nunc','Cras sed leo. Cras',59,3,'1811'),
(157,'enim,','ac turpis egestas. Fusce aliquet magna a neque. Nullam ut nisi a odio semper cursus. Integer mollis. Integer tincidunt aliquam arcu. Aliquam ultrices iaculis odio. Nam interdum enim',91,8,'1701'),
(158,'id,','In tincidunt congue turpis. In condimentum. Donec at arcu. Vestibulum ante ipsum primis in faucibus orci luctus et ultrices posuere cubilia Curae; Donec tincidunt. Donec vitae erat vel pede blandit',71,4,'1877'),
(159,'dui.','dui. Suspendisse ac metus vitae velit egestas lacinia. Sed congue, elit sed consequat auctor, nunc nulla vulputate dui, nec tempus mauris erat eget ipsum. Suspendisse sagittis. Nullam vitae',64,1,'1846'),
(160,'magnis','imperdiet ornare. In faucibus. Morbi vehicula. Pellentesque tincidunt tempus risus. Donec egestas. Duis ac arcu. Nunc mauris. Morbi',27,10,'1955'),
(161,'Aenean','lobortis tellus justo sit amet nulla. Donec non justo. Proin non massa non ante bibendum ullamcorper. Duis cursus, diam at pretium aliquet, metus urna convallis erat, eget tincidunt',39,3,'1802'),
(162,'ornare','luctus ut, pellentesque eget, dictum placerat,',126,8,'1833'),
(163,'lacus','ipsum dolor sit amet, consectetuer adipiscing elit. Etiam laoreet, libero et tristique pellentesque, tellus sem mollis dui, in sodales elit erat',106,10,'1744'),
(164,'rutrum,','faucibus lectus, a sollicitudin orci',44,1,'1967'),
(165,'a','ultrices. Duis volutpat nunc sit amet metus. Aliquam erat volutpat. Nulla facilisis. Suspendisse commodo tincidunt nibh. Phasellus nulla. Integer',51,7,'1929'),
(166,'Lorem','sodales elit erat vitae risus. Duis a mi fringilla mi lacinia mattis.',92,5,'1839'),
(167,'pede,','accumsan laoreet ipsum. Curabitur consequat, lectus sit amet luctus vulputate, nisi sem semper erat, in consectetuer ipsum nunc id enim. Curabitur massa. Vestibulum accumsan',56,4,'1957'),
(168,'Mauris','non, lacinia at, iaculis quis, pede. Praesent eu dui. Cum sociis natoque penatibus et magnis dis parturient montes, nascetur ridiculus mus. Aenean eget',139,6,'1914'),
(169,'venenatis','Donec est mauris, rhoncus id, mollis nec,',91,9,'1874'),
(170,'diam','elit fermentum risus, at fringilla purus mauris a nunc. In at pede. Cras vulputate velit eu sem. Pellentesque ut',144,10,'1782'),
(171,'Sed','risus. Quisque libero lacus, varius et, euismod et, commodo at, libero. Morbi accumsan laoreet ipsum. Curabitur consequat, lectus sit amet luctus vulputate, nisi',71,3,'1791'),
(172,'nunc.','elit. Nulla facilisi. Sed neque. Sed eget lacus. Mauris non dui nec urna suscipit nonummy. Fusce fermentum fermentum',140,3,'1941'),
(173,'Nam','est. Mauris eu turpis. Nulla aliquet. Proin velit. Sed malesuada augue ut lacus. Nulla tincidunt, neque vitae semper egestas, urna justo faucibus lectus, a sollicitudin orci sem eget massa.',142,1,'1813'),
(174,'auctor,','sem. Pellentesque ut ipsum ac mi eleifend egestas. Sed pharetra, felis eget',38,10,'1911'),
(175,'velit','bibendum fermentum metus. Aenean sed pede nec ante blandit viverra. Donec tempus, lorem fringilla ornare placerat, orci lacus vestibulum',30,3,'1984'),
(176,'tristique','semper rutrum. Fusce dolor quam, elementum at, egestas a, scelerisque sed, sapien. Nunc pulvinar arcu et pede. Nunc',80,9,'1787'),
(177,'tortor','Cras pellentesque.',126,5,'1727'),
(178,'habitant','nec, leo. Morbi neque tellus, imperdiet non, vestibulum nec, euismod in, dolor. Fusce feugiat. Lorem',128,7,'1802'),
(179,'placerat.','vel pede blandit congue. In scelerisque scelerisque dui. Suspendisse ac metus vitae velit',29,3,'1745'),
(180,'Nulla','ligula eu enim. Etiam imperdiet dictum magna. Ut tincidunt',121,4,'1817'),
(181,'egestas','ut, molestie in, tempus',114,3,'1879'),
(182,'consectetuer','in felis. Nulla tempor augue ac ipsum. Phasellus vitae mauris sit amet lorem semper auctor. Mauris vel turpis.',57,4,'1953'),
(183,'Class','Nulla tincidunt, neque vitae semper egestas, urna justo faucibus lectus, a sollicitudin orci sem eget massa. Suspendisse eleifend. Cras sed leo. Cras vehicula',136,1,'1875'),
(184,'Vivamus','penatibus et magnis dis parturient montes, nascetur ridiculus mus. Donec dignissim magna a tortor. Nunc commodo auctor',114,8,'1772'),
(185,'et','eu, odio. Phasellus at augue id ante dictum cursus. Nunc mauris elit, dictum eu, eleifend nec, malesuada ut, sem. Nulla interdum. Curabitur',140,4,'1873'),
(186,'malesuada','est. Nunc ullamcorper, velit in aliquet lobortis, nisi nibh lacinia orci, consectetuer euismod est arcu ac',109,7,'1975'),
(187,'et','mauris eu elit. Nulla facilisi. Sed neque. Sed eget lacus. Mauris non dui nec urna suscipit nonummy. Fusce fermentum fermentum arcu. Vestibulum ante ipsum primis in faucibus orci luctus',136,5,'1812'),
(188,'Proin','quis, pede. Suspendisse dui. Fusce diam nunc, ullamcorper eu, euismod ac, fermentum vel, mauris. Integer sem elit, pharetra',140,4,'1761'),
(189,'convallis','rutrum eu, ultrices sit amet, risus.',77,5,'1907'),
(190,'nec','urna convallis',38,8,'1867'),
(191,'ac','ultrices. Duis volutpat nunc sit amet metus. Aliquam erat volutpat. Nulla facilisis. Suspendisse commodo tincidunt nibh.',40,8,'1844'),
(192,'fringilla.','Nulla tincidunt, neque vitae semper egestas, urna justo faucibus',122,8,'1820'),
(193,'sodales','et libero. Proin mi. Aliquam gravida mauris ut mi. Duis risus odio, auctor vitae, aliquet nec, imperdiet nec, leo. Morbi neque tellus,',91,1,'1748'),
(194,'sodales','Quisque tincidunt pede ac urna. Ut tincidunt vehicula risus. Nulla eget metus eu erat semper rutrum. Fusce dolor quam, elementum at, egestas a,',143,2,'1725'),
(195,'Mauris','lacus. Aliquam rutrum lorem ac risus.',142,4,'1889'),
(196,'Morbi','Nam tempor diam dictum sapien. Aenean massa. Integer vitae nibh. Donec est mauris, rhoncus id, mollis nec, cursus a, enim. Suspendisse aliquet, sem ut cursus luctus, ipsum leo elementum',81,2,'1766'),
(197,'facilisis','euismod enim. Etiam gravida molestie arcu. Sed eu nibh vulputate mauris sagittis placerat.',71,6,'1804'),
(198,'lacus,','vitae diam. Proin dolor. Nulla semper tellus id',100,4,'1800'),
(199,'Proin','ac mi eleifend egestas. Sed pharetra, felis',117,5,'1729'),
(200,'mauris.','velit in aliquet lobortis, nisi nibh lacinia orci, consectetuer euismod est arcu ac orci. Ut semper pretium neque. Morbi quis urna. Nunc quis arcu vel',21,2,'1716'),
(201,'Suspendisse','hendrerit. Donec porttitor',44,2,'1820'),
(202,'imperdiet','Vestibulum ante ipsum primis in faucibus orci luctus et ultrices posuere cubilia Curae; Donec tincidunt. Donec vitae erat vel pede blandit congue. In scelerisque scelerisque',125,7,'1938'),
(203,'in','euismod in, dolor. Fusce feugiat. Lorem ipsum dolor sit amet, consectetuer adipiscing elit. Aliquam auctor, velit eget laoreet',137,3,'1891'),
(204,'sit','Nunc pulvinar arcu et pede.',21,5,'1866'),
(205,'augue,','mauris id sapien. Cras dolor dolor, tempus non, lacinia at, iaculis quis, pede. Praesent eu dui. Cum sociis',47,2,'1726'),
(206,'pede,','amet ornare lectus justo eu arcu. Morbi sit amet massa. Quisque porttitor eros nec tellus. Nunc lectus pede, ultrices a, auctor non, feugiat nec,',101,6,'1866'),
(207,'sem','Aenean eget magna. Suspendisse tristique neque venenatis lacus. Etiam bibendum fermentum metus. Aenean sed pede nec ante blandit viverra. Donec tempus, lorem fringilla ornare placerat, orci lacus vestibulum',20,10,'1881'),
(208,'sagittis','egestas a, dui. Cras',88,2,'1789'),
(209,'et','rutrum eu, ultrices sit amet, risus. Donec nibh enim, gravida sit amet, dapibus id, blandit at, nisi. Cum sociis natoque penatibus',22,3,'1960'),
(210,'justo','pellentesque a, facilisis non, bibendum sed, est. Nunc laoreet lectus quis massa. Mauris vestibulum, neque sed',61,2,'1774'),
(211,'Quisque','gravida. Praesent eu nulla at sem molestie sodales. Mauris blandit enim consequat purus. Maecenas libero est, congue a, aliquet vel, vulputate eu, odio. Phasellus at augue id',119,6,'1867'),
(212,'urna.','adipiscing fringilla, porttitor vulputate, posuere',125,6,'1784'),
(213,'lectus','arcu. Aliquam ultrices iaculis odio. Nam interdum',92,1,'1900'),
(214,'ornare.','lorem ipsum sodales purus,',111,1,'1723'),
(215,'dictum.','elit sed consequat auctor, nunc nulla vulputate dui, nec tempus mauris erat eget ipsum. Suspendisse sagittis. Nullam vitae diam. Proin dolor. Nulla semper',71,10,'1966'),
(216,'non,','semper auctor. Mauris vel turpis. Aliquam adipiscing lobortis risus. In mi pede, nonummy ut, molestie in, tempus eu, ligula.',119,2,'1972'),
(217,'vel,','egestas blandit. Nam nulla magna, malesuada vel, convallis in, cursus et, eros. Proin ultrices. Duis volutpat nunc sit amet metus. Aliquam erat volutpat.',95,3,'1700'),
(218,'Nullam','Nulla facilisi. Sed neque. Sed eget lacus. Mauris non dui nec urna',145,5,'1942'),
(219,'nunc','Integer mollis. Integer tincidunt aliquam arcu. Aliquam ultrices iaculis odio. Nam interdum enim non nisi. Aenean eget metus. In nec orci. Donec nibh. Quisque nonummy ipsum',68,2,'1819'),
(220,'mi.','mauris ipsum porta elit, a feugiat tellus lorem eu metus. In lorem. Donec elementum, lorem',129,3,'1744'),
(221,'ullamcorper.','faucibus leo, in lobortis tellus justo sit amet nulla. Donec non justo. Proin non massa non ante bibendum ullamcorper. Duis cursus, diam',131,5,'1945'),
(222,'amet,','Curabitur dictum. Phasellus in felis. Nulla tempor augue ac ipsum. Phasellus vitae mauris sit amet lorem semper auctor.',131,9,'1861'),
(223,'mi.','Nullam ut nisi a odio semper cursus. Integer mollis. Integer tincidunt aliquam arcu. Aliquam',147,9,'1990'),
(224,'penatibus','at',133,9,'1861'),
(225,'magnis','odio tristique pharetra. Quisque ac libero nec ligula consectetuer rhoncus. Nullam velit dui, semper et, lacinia',47,8,'1942'),
(226,'sed','mi lacinia mattis. Integer',145,10,'1799'),
(227,'mollis','Duis elementum, dui quis accumsan convallis, ante lectus convallis est, vitae sodales nisi magna sed dui. Fusce aliquam, enim nec tempus scelerisque, lorem',33,7,'1896'),
(228,'netus','id, libero. Donec consectetuer mauris id sapien. Cras dolor dolor, tempus non, lacinia at, iaculis quis, pede. Praesent eu dui. Cum sociis natoque penatibus et magnis dis parturient montes, nascetur',114,5,'1830'),
(229,'cursus','ut eros non enim commodo hendrerit. Donec porttitor tellus non magna. Nam ligula elit, pretium et, rutrum non, hendrerit id, ante. Nunc mauris sapien, cursus in, hendrerit consectetuer,',29,5,'1788'),
(230,'fringilla','velit dui, semper et, lacinia vitae, sodales at, velit.',146,10,'1736'),
(231,'Nam','dapibus rutrum, justo. Praesent luctus. Curabitur egestas nunc sed libero. Proin sed turpis nec mauris',127,3,'1981'),
(232,'aptent','quis, pede. Praesent eu dui. Cum sociis natoque penatibus et magnis dis parturient montes, nascetur ridiculus mus. Aenean eget magna. Suspendisse tristique neque venenatis',63,3,'1750'),
(233,'Donec','nulla. In tincidunt congue turpis. In condimentum. Donec at arcu. Vestibulum ante ipsum primis in faucibus orci luctus et ultrices',123,2,'1798'),
(234,'sed,','ante. Nunc mauris sapien, cursus in, hendrerit consectetuer, cursus et,',105,4,'1900'),
(235,'massa.','tortor at risus. Nunc ac sem ut dolor dapibus gravida. Aliquam tincidunt, nunc ac mattis ornare, lectus ante dictum mi, ac mattis velit justo nec ante. Maecenas mi',21,5,'1889'),
(236,'montes,','in, cursus et, eros. Proin ultrices. Duis volutpat nunc sit amet metus. Aliquam erat volutpat. Nulla facilisis. Suspendisse commodo tincidunt nibh. Phasellus nulla. Integer vulputate, risus a ultricies',87,6,'1845'),
(237,'scelerisque,','euismod est arcu ac',72,10,'1937'),
(238,'orci.','at pede. Cras vulputate velit eu sem. Pellentesque ut ipsum ac mi eleifend egestas. Sed pharetra, felis eget varius ultrices, mauris ipsum porta elit, a',119,10,'1990'),
(239,'felis.','eleifend egestas. Sed pharetra, felis eget varius ultrices, mauris ipsum porta elit, a feugiat tellus lorem eu metus. In lorem. Donec elementum, lorem ut aliquam iaculis, lacus pede sagittis augue,',145,4,'2000'),
(240,'orci,','orci, consectetuer euismod est',68,7,'1831'),
(241,'iaculis','vulputate, lacus. Cras',71,7,'1988'),
(242,'imperdiet,','consectetuer rhoncus. Nullam velit dui, semper et, lacinia vitae, sodales at, velit. Pellentesque',149,10,'1829'),
(243,'ante','montes, nascetur ridiculus mus. Aenean eget magna.',34,6,'1878'),
(244,'fringilla.','sed, facilisis vitae, orci. Phasellus dapibus quam quis diam. Pellentesque habitant morbi tristique senectus et netus et malesuada',145,6,'1951'),
(245,'porttitor','ultricies sem magna nec quam. Curabitur vel lectus. Cum sociis natoque penatibus et magnis dis parturient montes, nascetur ridiculus mus.',150,10,'1804'),
(246,'posuere','feugiat placerat velit. Quisque varius. Nam porttitor scelerisque neque. Nullam nisl. Maecenas malesuada fringilla est. Mauris eu turpis. Nulla aliquet. Proin velit. Sed malesuada augue ut lacus. Nulla tincidunt, neque',112,5,'1726'),
(247,'vestibulum','arcu. Nunc mauris. Morbi non sapien molestie orci tincidunt adipiscing. Mauris molestie pharetra nibh. Aliquam',147,2,'1851'),
(248,'pede.','dolor, nonummy ac, feugiat',64,2,'1872'),
(249,'nisl.','consequat nec, mollis vitae, posuere at, velit. Cras lorem lorem, luctus ut, pellentesque',47,9,'1964'),
(250,'Suspendisse','non nisi. Aenean eget metus. In nec orci. Donec nibh. Quisque nonummy ipsum non arcu. Vivamus sit amet risus. Donec egestas. Aliquam nec enim.',136,6,'1832'),
(251,'Aenean','rutrum lorem ac risus. Morbi metus. Vivamus euismod urna. Nullam lobortis quam a felis ullamcorper viverra. Maecenas iaculis aliquet diam.',118,5,'1851'),
(252,'dolor.','lorem. Donec',119,9,'1734'),
(253,'sem,','dapibus quam quis diam. Pellentesque habitant morbi tristique senectus et netus et malesuada fames',91,10,'1933'),
(254,'Nunc','mollis. Phasellus libero',20,2,'1760'),
(255,'tempus,','facilisi. Sed neque. Sed eget lacus. Mauris non dui nec urna suscipit nonummy. Fusce fermentum fermentum arcu. Vestibulum ante ipsum primis in faucibus orci luctus',114,6,'1766'),
(256,'Nunc','Cras sed leo. Cras',59,3,'1811'),
(257,'enim,','ac turpis egestas. Fusce aliquet magna a neque. Nullam ut nisi a odio semper cursus. Integer mollis. Integer tincidunt aliquam arcu. Aliquam ultrices iaculis odio. Nam interdum enim',91,8,'1701'),
(258,'id,','In tincidunt congue turpis. In condimentum. Donec at arcu. Vestibulum ante ipsum primis in faucibus orci luctus et ultrices posuere cubilia Curae; Donec tincidunt. Donec vitae erat vel pede blandit',71,4,'1877'),
(259,'dui.','dui. Suspendisse ac metus vitae velit egestas lacinia. Sed congue, elit sed consequat auctor, nunc nulla vulputate dui, nec tempus mauris erat eget ipsum. Suspendisse sagittis. Nullam vitae',64,1,'1846'),
(260,'magnis','imperdiet ornare. In faucibus. Morbi vehicula. Pellentesque tincidunt tempus risus. Donec egestas. Duis ac arcu. Nunc mauris. Morbi',27,10,'1955'),
(261,'Aenean','lobortis tellus justo sit amet nulla. Donec non justo. Proin non massa non ante bibendum ullamcorper. Duis cursus, diam at pretium aliquet, metus urna convallis erat, eget tincidunt',39,3,'1802'),
(262,'ornare','luctus ut, pellentesque eget, dictum placerat,',126,8,'1833'),
(263,'lacus','ipsum dolor sit amet, consectetuer adipiscing elit. Etiam laoreet, libero et tristique pellentesque, tellus sem mollis dui, in sodales elit erat',106,10,'1744'),
(264,'rutrum,','faucibus lectus, a sollicitudin orci',44,1,'1967'),
(265,'a','ultrices. Duis volutpat nunc sit amet metus. Aliquam erat volutpat. Nulla facilisis. Suspendisse commodo tincidunt nibh. Phasellus nulla. Integer',51,7,'1929'),
(266,'Lorem','sodales elit erat vitae risus. Duis a mi fringilla mi lacinia mattis.',92,5,'1839'),
(267,'pede,','accumsan laoreet ipsum. Curabitur consequat, lectus sit amet luctus vulputate, nisi sem semper erat, in consectetuer ipsum nunc id enim. Curabitur massa. Vestibulum accumsan',56,4,'1957'),
(268,'Mauris','non, lacinia at, iaculis quis, pede. Praesent eu dui. Cum sociis natoque penatibus et magnis dis parturient montes, nascetur ridiculus mus. Aenean eget',139,6,'1914'),
(269,'venenatis','Donec est mauris, rhoncus id, mollis nec,',91,9,'1874'),
(270,'diam','elit fermentum risus, at fringilla purus mauris a nunc. In at pede. Cras vulputate velit eu sem. Pellentesque ut',144,10,'1782'),
(271,'Sed','risus. Quisque libero lacus, varius et, euismod et, commodo at, libero. Morbi accumsan laoreet ipsum. Curabitur consequat, lectus sit amet luctus vulputate, nisi',71,3,'1791'),
(272,'nunc.','elit. Nulla facilisi. Sed neque. Sed eget lacus. Mauris non dui nec urna suscipit nonummy. Fusce fermentum fermentum',140,3,'1941'),
(273,'Nam','est. Mauris eu turpis. Nulla aliquet. Proin velit. Sed malesuada augue ut lacus. Nulla tincidunt, neque vitae semper egestas, urna justo faucibus lectus, a sollicitudin orci sem eget massa.',142,1,'1813'),
(274,'auctor,','sem. Pellentesque ut ipsum ac mi eleifend egestas. Sed pharetra, felis eget',38,10,'1911'),
(275,'velit','bibendum fermentum metus. Aenean sed pede nec ante blandit viverra. Donec tempus, lorem fringilla ornare placerat, orci lacus vestibulum',30,3,'1984'),
(276,'tristique','semper rutrum. Fusce dolor quam, elementum at, egestas a, scelerisque sed, sapien. Nunc pulvinar arcu et pede. Nunc',80,9,'1787'),
(277,'tortor','Cras pellentesque.',126,5,'1727'),
(278,'habitant','nec, leo. Morbi neque tellus, imperdiet non, vestibulum nec, euismod in, dolor. Fusce feugiat. Lorem',128,7,'1802'),
(279,'placerat.','vel pede blandit congue. In scelerisque scelerisque dui. Suspendisse ac metus vitae velit',29,3,'1745'),
(280,'Nulla','ligula eu enim. Etiam imperdiet dictum magna. Ut tincidunt',121,4,'1817'),
(281,'egestas','ut, molestie in, tempus',114,3,'1879'),
(282,'consectetuer','in felis. Nulla tempor augue ac ipsum. Phasellus vitae mauris sit amet lorem semper auctor. Mauris vel turpis.',57,4,'1953'),
(283,'Class','Nulla tincidunt, neque vitae semper egestas, urna justo faucibus lectus, a sollicitudin orci sem eget massa. Suspendisse eleifend. Cras sed leo. Cras vehicula',136,1,'1875'),
(284,'Vivamus','penatibus et magnis dis parturient montes, nascetur ridiculus mus. Donec dignissim magna a tortor. Nunc commodo auctor',114,8,'1772'),
(285,'et','eu, odio. Phasellus at augue id ante dictum cursus. Nunc mauris elit, dictum eu, eleifend nec, malesuada ut, sem. Nulla interdum. Curabitur',140,4,'1873'),
(286,'malesuada','est. Nunc ullamcorper, velit in aliquet lobortis, nisi nibh lacinia orci, consectetuer euismod est arcu ac',109,7,'1975'),
(287,'et','mauris eu elit. Nulla facilisi. Sed neque. Sed eget lacus. Mauris non dui nec urna suscipit nonummy. Fusce fermentum fermentum arcu. Vestibulum ante ipsum primis in faucibus orci luctus',136,5,'1812'),
(288,'Proin','quis, pede. Suspendisse dui. Fusce diam nunc, ullamcorper eu, euismod ac, fermentum vel, mauris. Integer sem elit, pharetra',140,4,'1761'),
(289,'convallis','rutrum eu, ultrices sit amet, risus.',77,5,'1907'),
(290,'nec','urna convallis',38,8,'1867'),
(291,'ac','ultrices. Duis volutpat nunc sit amet metus. Aliquam erat volutpat. Nulla facilisis. Suspendisse commodo tincidunt nibh.',40,8,'1844'),
(292,'fringilla.','Nulla tincidunt, neque vitae semper egestas, urna justo faucibus',122,8,'1820'),
(293,'sodales','et libero. Proin mi. Aliquam gravida mauris ut mi. Duis risus odio, auctor vitae, aliquet nec, imperdiet nec, leo. Morbi neque tellus,',91,1,'1748'),
(294,'sodales','Quisque tincidunt pede ac urna. Ut tincidunt vehicula risus. Nulla eget metus eu erat semper rutrum. Fusce dolor quam, elementum at, egestas a,',143,2,'1725'),
(295,'Mauris','lacus. Aliquam rutrum lorem ac risus.',142,4,'1889'),
(296,'Morbi','Nam tempor diam dictum sapien. Aenean massa. Integer vitae nibh. Donec est mauris, rhoncus id, mollis nec, cursus a, enim. Suspendisse aliquet, sem ut cursus luctus, ipsum leo elementum',81,2,'1766'),
(297,'facilisis','euismod enim. Etiam gravida molestie arcu. Sed eu nibh vulputate mauris sagittis placerat.',71,6,'1804'),
(298,'lacus,','vitae diam. Proin dolor. Nulla semper tellus id',100,4,'1800'),
(299,'Proin','ac mi eleifend egestas. Sed pharetra, felis',117,5,'1729'),
(300,'mauris.','velit in aliquet lobortis, nisi nibh lacinia orci, consectetuer euismod est arcu ac orci. Ut semper pretium neque. Morbi quis urna. Nunc quis arcu vel',21,2,'1716'),
(301,'Suspendisse','hendrerit. Donec porttitor',44,2,'1820'),
(302,'imperdiet','Vestibulum ante ipsum primis in faucibus orci luctus et ultrices posuere cubilia Curae; Donec tincidunt. Donec vitae erat vel pede blandit congue. In scelerisque scelerisque',125,7,'1938'),
(303,'in','euismod in, dolor. Fusce feugiat. Lorem ipsum dolor sit amet, consectetuer adipiscing elit. Aliquam auctor, velit eget laoreet',137,3,'1891'),
(304,'sit','Nunc pulvinar arcu et pede.',21,5,'1866'),
(305,'augue,','mauris id sapien. Cras dolor dolor, tempus non, lacinia at, iaculis quis, pede. Praesent eu dui. Cum sociis',47,2,'1726'),
(306,'pede,','amet ornare lectus justo eu arcu. Morbi sit amet massa. Quisque porttitor eros nec tellus. Nunc lectus pede, ultrices a, auctor non, feugiat nec,',101,6,'1866'),
(307,'sem','Aenean eget magna. Suspendisse tristique neque venenatis lacus. Etiam bibendum fermentum metus. Aenean sed pede nec ante blandit viverra. Donec tempus, lorem fringilla ornare placerat, orci lacus vestibulum',20,10,'1881'),
(308,'sagittis','egestas a, dui. Cras',88,2,'1789'),
(309,'et','rutrum eu, ultrices sit amet, risus. Donec nibh enim, gravida sit amet, dapibus id, blandit at, nisi. Cum sociis natoque penatibus',22,3,'1960'),
(310,'justo','pellentesque a, facilisis non, bibendum sed, est. Nunc laoreet lectus quis massa. Mauris vestibulum, neque sed',61,2,'1774'),
(311,'Quisque','gravida. Praesent eu nulla at sem molestie sodales. Mauris blandit enim consequat purus. Maecenas libero est, congue a, aliquet vel, vulputate eu, odio. Phasellus at augue id',119,6,'1867'),
(312,'urna.','adipiscing fringilla, porttitor vulputate, posuere',125,6,'1784'),
(313,'lectus','arcu. Aliquam ultrices iaculis odio. Nam interdum',92,1,'1900');

/*Table structure for table `bookauthor` */

DROP TABLE IF EXISTS `bookauthor`;

CREATE TABLE `bookauthor` (
  `id` int NOT NULL AUTO_INCREMENT,
  `author_id` int DEFAULT NULL,
  `book_id` int DEFAULT NULL,
  PRIMARY KEY (`id`),
  KEY `author_id` (`author_id`),
  KEY `book_id` (`book_id`),
  CONSTRAINT `bookauthor_ibfk_1` FOREIGN KEY (`author_id`) REFERENCES `author` (`id`) ON DELETE CASCADE ON UPDATE CASCADE,
  CONSTRAINT `bookauthor_ibfk_2` FOREIGN KEY (`book_id`) REFERENCES `book` (`id`) ON DELETE CASCADE ON UPDATE CASCADE
) ENGINE=InnoDB AUTO_INCREMENT=105 DEFAULT CHARSET=utf8mb4 COLLATE=utf8mb4_0900_ai_ci;

/*Data for the table `bookauthor` */

insert  into `bookauthor`(`id`,`author_id`,`book_id`) values 
(5,436,58),
(6,291,25),
(7,243,276),
(8,428,193),
(9,339,307),
(10,221,94),
(11,257,245),
(12,511,306),
(13,386,283),
(14,344,24),
(15,466,65),
(16,259,47),
(17,313,205),
(18,279,198),
(19,447,41),
(20,445,59),
(21,437,271),
(22,445,165),
(23,337,157),
(24,329,175),
(25,458,265),
(26,385,254),
(27,449,106),
(28,369,203),
(29,284,128),
(30,409,247),
(31,276,177),
(32,432,221),
(33,503,125),
(34,334,121),
(35,389,42),
(36,449,292),
(37,290,277),
(38,402,143),
(39,428,112),
(40,438,226),
(41,389,258),
(42,462,165),
(43,409,42),
(44,245,212),
(45,348,166),
(46,334,66),
(47,236,233),
(48,452,233),
(49,381,219),
(50,246,244),
(51,423,254),
(52,380,227),
(53,500,84),
(54,331,120),
(55,435,89),
(56,504,179),
(57,272,249),
(58,446,313),
(59,471,175),
(60,289,108),
(61,446,97),
(62,268,224),
(63,443,168),
(64,257,216),
(65,486,269),
(66,382,52),
(67,287,94),
(68,382,287),
(69,425,92),
(70,274,256),
(71,342,180),
(72,325,134),
(73,386,95),
(74,435,155),
(75,414,207),
(76,488,248),
(77,268,236),
(78,450,196),
(79,233,246),
(80,223,98),
(81,340,254),
(82,262,177),
(83,308,281),
(84,398,137),
(85,497,242),
(86,455,60),
(87,283,131),
(88,326,218),
(89,244,188),
(90,335,83),
(91,492,29),
(92,225,75),
(93,283,251),
(94,479,83),
(95,456,86),
(96,330,68),
(97,438,180),
(98,427,95),
(99,444,155),
(100,460,17),
(101,511,140),
(102,464,164),
(103,226,18),
(104,462,102);

/*Table structure for table `collections` */

DROP TABLE IF EXISTS `collections`;

CREATE TABLE `collections` (
  `id` int NOT NULL AUTO_INCREMENT,
  `book_id` int DEFAULT NULL,
  `genre_id` int DEFAULT NULL,
  PRIMARY KEY (`id`),
  KEY `book_id` (`book_id`),
  KEY `genre_id` (`genre_id`),
  CONSTRAINT `collections_ibfk_1` FOREIGN KEY (`book_id`) REFERENCES `book` (`id`) ON DELETE CASCADE ON UPDATE CASCADE,
  CONSTRAINT `collections_ibfk_2` FOREIGN KEY (`genre_id`) REFERENCES `genre` (`id`) ON DELETE CASCADE ON UPDATE CASCADE
) ENGINE=InnoDB AUTO_INCREMENT=8 DEFAULT CHARSET=utf8mb4 COLLATE=utf8mb4_0900_ai_ci;

/*Data for the table `collections` */

/*Table structure for table `favoritebooklist` */

DROP TABLE IF EXISTS `favoritebooklist`;

CREATE TABLE `favoritebooklist` (
  `id` int NOT NULL AUTO_INCREMENT,
  `user_id` int DEFAULT NULL,
  `book_id` int DEFAULT NULL,
  PRIMARY KEY (`id`),
  KEY `user_id` (`user_id`),
  KEY `book_id` (`book_id`),
  CONSTRAINT `favoritebooklist_ibfk_1` FOREIGN KEY (`user_id`) REFERENCES `user` (`id`) ON DELETE CASCADE ON UPDATE CASCADE,
  CONSTRAINT `favoritebooklist_ibfk_2` FOREIGN KEY (`book_id`) REFERENCES `book` (`id`) ON DELETE CASCADE ON UPDATE CASCADE
) ENGINE=InnoDB AUTO_INCREMENT=2 DEFAULT CHARSET=utf8mb4 COLLATE=utf8mb4_0900_ai_ci;

/*Data for the table `favoritebooklist` */

/*Table structure for table `genre` */

DROP TABLE IF EXISTS `genre`;

CREATE TABLE `genre` (
  `id` int NOT NULL AUTO_INCREMENT,
  `genre` varchar(255) DEFAULT NULL,
  PRIMARY KEY (`id`)
) ENGINE=InnoDB AUTO_INCREMENT=104 DEFAULT CHARSET=utf8mb4 COLLATE=utf8mb4_0900_ai_ci;

/*Data for the table `genre` */

insert  into `genre`(`id`,`genre`) values 
(4,'Duis'),
(5,'facilisis'),
(6,'ultricies'),
(7,'Cum'),
(8,'ante'),
(9,'quam'),
(10,'lorem.'),
(11,'arcu'),
(12,'In'),
(13,'nec,'),
(14,'mi'),
(15,'dolor'),
(16,'scelerisque,'),
(17,'quam.'),
(18,'diam.'),
(19,'eu'),
(20,'est.'),
(21,'vel'),
(22,'non,'),
(23,'dolor.'),
(24,'eu,'),
(25,'est'),
(26,'cubilia'),
(27,'Lorem'),
(28,'amet'),
(29,'faucibus'),
(30,'ridiculus'),
(31,'ornare.'),
(32,'feugiat'),
(33,'a'),
(34,'dapibus'),
(35,'dui,'),
(36,'a'),
(37,'hendrerit.'),
(38,'velit.'),
(39,'mauris'),
(40,'ac'),
(41,'ullamcorper'),
(42,'Cras'),
(43,'Nunc'),
(44,'eget'),
(45,'at'),
(46,'libero'),
(47,'iaculis,'),
(48,'cursus'),
(49,'malesuada.'),
(50,'turpis.'),
(51,'nec,'),
(52,'orci.'),
(53,'Mauris'),
(54,'luctus'),
(55,'ut'),
(56,'et'),
(57,'varius'),
(58,'libero'),
(59,'elit'),
(60,'tempus'),
(61,'erat.'),
(62,'parturient'),
(63,'eu,'),
(64,'neque'),
(65,'purus.'),
(66,'lorem'),
(67,'mollis'),
(68,'et'),
(69,'dapibus'),
(70,'convallis'),
(71,'erat'),
(72,'placerat.'),
(73,'magna'),
(74,'Cum'),
(75,'odio.'),
(76,'at'),
(77,'augue'),
(78,'vitae'),
(79,'tincidunt'),
(80,'mauris.'),
(81,'Sed'),
(82,'eu,'),
(83,'ipsum'),
(84,'dictum'),
(85,'velit'),
(86,'metus'),
(87,'Sed'),
(88,'sodales'),
(89,'magna.'),
(90,'consequat'),
(91,'Praesent'),
(92,'dictum'),
(93,'lacus'),
(94,'non,'),
(95,'et,'),
(96,'turpis'),
(97,'quis'),
(98,'Aliquam'),
(99,'sapien,'),
(100,'molestie'),
(101,'Duis'),
(102,'imperdiet'),
(103,'mi.');

/*Table structure for table `rate` */

DROP TABLE IF EXISTS `rate`;

CREATE TABLE `rate` (
  `id` int NOT NULL AUTO_INCREMENT,
  `user_id` int DEFAULT NULL,
  `book_id` int DEFAULT NULL,
  `rate` double DEFAULT NULL,
  PRIMARY KEY (`id`),
  KEY `user_id` (`user_id`),
  KEY `book_id` (`book_id`),
  CONSTRAINT `rate_ibfk_1` FOREIGN KEY (`user_id`) REFERENCES `user` (`id`) ON DELETE CASCADE ON UPDATE CASCADE,
  CONSTRAINT `rate_ibfk_2` FOREIGN KEY (`book_id`) REFERENCES `book` (`id`) ON DELETE CASCADE ON UPDATE CASCADE
) ENGINE=InnoDB AUTO_INCREMENT=110 DEFAULT CHARSET=utf8mb4 COLLATE=utf8mb4_0900_ai_ci;

/*Data for the table `rate` */

insert  into `rate`(`id`,`user_id`,`book_id`,`rate`) values 
(10,8,283,3),
(11,7,150,3),
(12,7,276,1),
(13,9,177,4),
(14,9,55,3),
(15,9,40,5),
(16,9,40,1),
(17,9,83,4),
(18,7,230,3),
(19,9,300,2),
(20,8,61,5),
(21,8,304,5),
(22,9,176,4),
(23,8,17,1),
(24,9,196,1),
(25,7,206,1),
(26,8,76,1),
(27,8,94,2),
(28,8,154,4),
(29,7,184,5),
(30,8,187,2),
(31,9,63,2),
(32,9,287,5),
(33,8,150,3),
(34,7,115,1),
(35,9,216,5),
(36,9,220,4),
(37,7,229,5),
(38,8,220,3),
(39,8,42,2),
(40,7,295,3),
(41,8,192,1),
(42,8,37,2),
(43,7,26,2),
(44,7,195,1),
(45,7,185,3),
(46,7,16,1),
(47,7,284,5),
(48,7,252,3),
(49,7,224,4),
(50,7,161,4),
(51,9,246,5),
(52,7,14,1),
(53,8,17,4),
(54,8,91,4),
(55,9,266,1),
(56,9,85,5),
(57,9,212,4),
(58,7,256,2),
(59,9,78,5),
(60,7,196,4),
(61,7,293,5),
(62,9,168,2),
(63,9,98,3),
(64,7,26,1),
(65,8,242,3),
(66,8,256,4),
(67,7,185,1),
(68,8,25,1),
(69,7,215,3),
(70,7,273,5),
(71,7,302,2),
(72,9,275,5),
(73,7,208,4),
(74,9,243,1),
(75,8,162,4),
(76,7,272,1),
(77,7,126,2),
(78,8,131,3),
(79,9,234,2),
(80,7,25,5),
(81,8,78,2),
(82,8,239,2),
(83,9,256,3),
(84,8,266,2),
(85,9,71,5),
(86,9,202,2),
(87,9,277,3),
(88,7,57,5),
(89,7,210,3),
(90,8,236,1),
(91,9,186,1),
(92,7,102,3),
(93,7,216,4),
(94,7,268,1),
(95,8,290,5),
(96,7,193,2),
(97,9,253,2),
(98,8,265,5),
(99,7,186,5),
(100,9,239,5),
(101,9,146,2),
(102,9,298,3),
(103,8,165,3),
(104,9,177,5),
(105,8,19,1),
(106,7,122,3),
(107,7,239,5),
(108,8,109,5),
(109,8,181,4);

/*Table structure for table `user` */

DROP TABLE IF EXISTS `user`;

CREATE TABLE `user` (
  `id` int NOT NULL AUTO_INCREMENT,
  `name` varchar(255) DEFAULT NULL,
  `surname` varchar(255) DEFAULT NULL,
  `age` int DEFAULT NULL,
  `email` varchar(255) DEFAULT NULL,
  `password` varchar(255) DEFAULT NULL,
  `type` enum('USER','ADMIN','EDITOR') CHARACTER SET utf8mb4 COLLATE utf8mb4_0900_ai_ci DEFAULT 'USER',
  PRIMARY KEY (`id`)
) ENGINE=InnoDB AUTO_INCREMENT=10 DEFAULT CHARSET=utf8mb4 COLLATE=utf8mb4_0900_ai_ci;

/*Data for the table `user` */

insert  into `user`(`id`,`name`,`surname`,`age`,`email`,`password`,`type`) values 
(7,'Deren','Sahakyan',22,'der@mail.com','$2a$10$HRTZcUcry2L9qmFnSxLXE.qjy95POOGGjFVJoW/SBEQRvoK5c0hIm','USER'),
(8,'Ashot','Ashotyan',25,'ash@gmail.com','$2a$10$JWviSIz.0VRvnFB/LcGv4.QKbpZoq7MguMwTdLrYTL9W8uoGHKE46','USER'),
(9,'Elene','Bdoyan',22,'elena@gmail.com','$2a$10$HvkvGYO42rqdpjWlqA6Xm.LUuVdK1YHYi//i0dmEVGi0GwZD0/R4u','USER');

/*!40101 SET SQL_MODE=@OLD_SQL_MODE */;
/*!40014 SET FOREIGN_KEY_CHECKS=@OLD_FOREIGN_KEY_CHECKS */;
/*!40014 SET UNIQUE_CHECKS=@OLD_UNIQUE_CHECKS */;
/*!40111 SET SQL_NOTES=@OLD_SQL_NOTES */;
